{"cameraMode":{"drawMode":0,"name":"Shaded","section":"Shading Mode"},"sceneLighting":true,"audioPlay":false,"sceneViewState":{"m_AlwaysRefresh":false,"showFog":true,"showSkybox":true,"showFlares":true,"showImageEffects":true,"showParticleSystems":true,"showVisualEffectGraphs":true,"m_FxEnabled":true},"in2DMode":false,"pivot":{"x":48.36724853515625,"y":429.44757080078127,"z":-308.2249755859375},"rotation":{"x":0.08170514553785324,"y":-0.24121645092964173,"z":0.02038511447608471,"w":0.9668120741844177},"size":653.0678100585938,"orthographic":false}