{"cameraMode":{"drawMode":0,"name":"Shaded","section":"Shading Mode"},"sceneLighting":true,"audioPlay":false,"sceneViewState":{"m_AlwaysRefresh":false,"showFog":true,"showSkybox":true,"showFlares":true,"showImageEffects":true,"showParticleSystems":true,"showVisualEffectGraphs":true,"m_FxEnabled":true},"in2DMode":false,"pivot":{"x":1.0140420198440552,"y":5.278334617614746,"z":1.39239501953125},"rotation":{"x":-0.1051066517829895,"y":-0.012831336818635464,"z":0.0013563300017267466,"w":-0.9943787455558777},"size":11.594645500183106,"orthographic":false}