{"cameraMode":{"drawMode":0,"name":"Shaded","section":"Shading Mode"},"sceneLighting":true,"audioPlay":false,"sceneViewState":{"m_AlwaysRefresh":false,"showFog":true,"showSkybox":true,"showFlares":true,"showImageEffects":true,"showParticleSystems":true,"showVisualEffectGraphs":true,"m_FxEnabled":true},"in2DMode":false,"pivot":{"x":-4.355627059936523,"y":-3.910675048828125,"z":12.690895080566407},"rotation":{"x":0.2178407609462738,"y":-0.23673765361309052,"z":0.054557256400585178,"w":0.9452653527259827},"size":19.937862396240236,"orthographic":false}