{"cameraMode":{"drawMode":0,"name":"Shaded","section":"Shading Mode"},"sceneLighting":true,"audioPlay":false,"sceneViewState":{"m_AlwaysRefresh":false,"showFog":true,"showSkybox":true,"showFlares":true,"showImageEffects":true,"showParticleSystems":true,"showVisualEffectGraphs":true,"m_FxEnabled":true},"in2DMode":false,"pivot":{"x":-0.17663812637329102,"y":-10.388959884643555,"z":17.930543899536134},"rotation":{"x":-0.24124179780483247,"y":0.09357110410928726,"z":-0.023376021534204484,"w":-0.9656602144241333},"size":23.416521072387697,"orthographic":false}