{"cameraMode":{"drawMode":0,"name":"Shaded","section":"Shading Mode"},"sceneLighting":true,"audioPlay":false,"sceneViewState":{"m_AlwaysRefresh":false,"showFog":true,"showSkybox":true,"showFlares":true,"showImageEffects":true,"showParticleSystems":true,"showVisualEffectGraphs":true,"m_FxEnabled":true},"in2DMode":false,"pivot":{"x":-39.769378662109378,"y":-13.616374969482422,"z":20.007251739501954},"rotation":{"x":-0.1879255473613739,"y":0.42590752243995669,"z":-0.09091690927743912,"w":-0.8803536295890808},"size":39.08128356933594,"orthographic":false}